{
  "results": [
    {
      "rollno": "82",
      "name": "Priyanshi Srivastava",
      "email": "ps980236@gmail.com",
      "score": "95",
      "id": 2
    },
    {
      "rollno": "83",
      "name": "Priyanka Sahai",
      "email": "123he@gmail.com",
      "score": "94",
      "id": 3
    },
    {
      "rollno": "84",
      "name": "Aftab",
      "email": "aftab.3@gmail.com",
      "score": "55",
      "id": 4
    }
  ],
  "students": [
    {
      "id": 1,
      "name": "Priyanshi Srivastava",
      "password": "1234"
    },
    {
      "name": "123",
      "password": "1234",
      "id": 2
    },
    {
      "name": "Priyanka Sahai",
      "password": "121",
      "id": 2
    },
    {
      "name": "Aftab",
      "password": "1233",
      "id": 4
    },
    {
      "name": "HELLLLOOO",
      "password": "123",
      "id": 5
    },
    {
      "name": "",
      "password": "",
      "id": 6
    },
    {
      "name": "1234",
      "password": "1234",
      "id": 7
    }
  ],
  "teachers": [
    {
      "id": 1,
      "name": "Priyanshi Srivastava",
      "password": "123"
    },
    {
      "name": "1222",
      "password": "1234",
      "id": 2
    },
    {
      "name": "Priyanka Sahai",
      "password": "123",
      "id": 3
    },
    {
      "name": "Aftab",
      "password": "1233",
      "id": 4
    },
    {
      "name": "12",
      "password": "1234",
      "id": 5
    }
  ]
}