<?xml version="1.0" encoding="UTF-8"?>
<beans xmlns="http://www.springframework.org/schema/beans"
	xmlns:xsi="http://www.w3.org/2001/XMLSchema-instance"
	xmlns:context="http://www.springframework.org/schema/context"
	xmlns:p="http://www.springframework.org/schema/p"
	xmlns:tx="http://www.springframework.org/schema/tx"
	xsi:schemaLocation="http://www.springframework.org/schema/beans
 	http://www.springframework.org/schema/beans/spring-beans.xsd
 	http://www.springframework.org/schema/context
    http://www.springframework.org/schema/context/spring-context.xsd
    http://www.springframework.org/schema/tx
    http://www.springframework.org/schema/tx/spring-tx.xsd">
	
	<tx:annotation-driven/>
	<context:annotation-config></context:annotation-config>
	<context:component-scan
		base-package="com.training.nagarro"></context:component-scan>

	<bean
		class="org.springframework.web.servlet.view.InternalResourceViewResolver"
		name="viewResolver">
		<property name="prefix" value="/WEB-INF/views/" />
		<property name="suffix" value=".jsp"></property>
	</bean>

	<bean
		class="org.springframework.jdbc.datasource.DriverManagerDataSource"
		name="ds">

		<property name="driverClassName">
			<value>
				com.mysql.cj.jdbc.Driver
			</value>

		</property>

		<property name="url"
			value="jdbc:mysql://localhost:3306/webshop" />
		<property name="username" value="root" />
		<property name="password" value="root" />
	</bean>

	<bean
		class="org.springframework.orm.hibernate5.LocalSessionFactoryBean"
		name="factory">

		<property name="dataSource">
			<ref bean="ds" />
		</property>

		<property name="hibernateProperties">
			<props>
				<prop key="hibernate.dialect">org.hibernate.dialect.MySQL55Dialect</prop>
				<prop key="hibernate.show_sql">true</prop>
				<prop key="hibernate.hbm2ddl.auto">update</prop>
			</props>
		</property>

		<property name="annotatedClasses">
			<list>
				<value>
					com.training.nagarro.ADVANCE_JAVA_ASS_4.user.User
				</value>
				<value>
					com.training.nagarro.ADVANCE_JAVA_ASS_4.tshirt.TShirt
				</value>
			</list>
		</property>

	</bean>
	
	<bean class="org.springframework.orm.hibernate5.HibernateTemplate"
		name="hibernateTemplate">

		<property name="sessionFactory">
			<ref bean="factory" />
		</property>

	</bean>
	
	<bean
		class="org.springframework.orm.hibernate5.HibernateTransactionManager"
		name="transactionManager">
		<property name="sessionFactory">
			<ref bean="factory" />
		</property>
	</bean>
</beans>